slot,player_name,player_id
1,Jannik Sinner,S0AG
2,Miomir Kecmanovic,KI95
3,Nuno Borges,BT72
4,Tristan Boyer,B0EJ
5,Aleksandar Vukic,V832
6,Jenson Brooksby,B0CD
7,Emilio Nava,N0AM
8,Ignacio Buse,B0ID
9,Rafael Jodar,J0DZ
10,Felix Gill,G0EU
11,Denis Shapovalov,SU55
12,Pablo Carreno Busta,CD85
13,Shintaro Mochizuki,M0HU
14,Max Basing,B0JE
15,Ethan Quinn,Q02L
16,Luciano Darderi,D0FJ
17,Casper Ruud,RH16
18,Hubert Hurkacz,HB71
19,Hamad Medjedovic,M0JF
20,Sebastian Ofner,O513
21,Soonwoo Kwon,KF17
22,Martin Landaluce,L0IL
23,Alexandre Muller,MP20
24,Tommy Paul,PL56
25,Brandon Nakashima,N0AE
26,Jack Pinnington Jones,P0HT
27,Jan-Lennard Struff,SL28
28,Sebastian Baez,B0BI
29,Camilo Ugo Carabelli,U182
30,Daniel Merida,M0N7
31,Marin Cilic,C977
32,Daniil Medvedev,MM58
33,Felix Auger-Aliassime,AG37
34,Alexander Shevchenko,S0H2
35,Adam Walton,W09E
36,Dino Prizmic,P0HW
37,Adolfo Daniel Vallejo,V0DP
38,Nicolas Mejia,M0AW
39,Michael Zheng,Z0BZ
40,Cameron Norrie,N771
41,Alejandro Davidovich Fokina,DH50
42,Juan Manuel Cerundolo,C0C8
43,Thiago Agustin Tirante,T0A1
44,Fabian Marozsan,M0CI
45,Luca Van Assche,V0DZ
46,Marton Fucsovics,F724
47,Dalibor Svrcina,S0GD
48,Learner Tien,T0HA
49,Andrey Rublev,RE44
50,Roman Safiullin,SX50
51,Aleksandar Kovacevic,K0AZ
52,Botic van de Zandschulp,V812
53,Jesper de Jong,D0C1
54,Rinky Hijikata,H0BH
55,Roberto Bautista Agut,BD06
56,Joao Fonseca,F0FV
57,Arthur Rinderknech,RC91
58,Oliver Tarvet,T0GR
59,Marcos Trungelliti,TA29
60,Martin Damm,D0DT
61,Hugo Gaston,G09O
62,Stefanos Tsitsipas,TE51
63,Yibing Wu,WB32
64,Novak Djokovic,D643
65,Alex de Minaur,DH58
66,Renzo Agustin Burruchaga,B0FV
67,Adrian Mannarino,ME82
68,Titouan Droguet,D0DW
69,Mattia Bellucci,B0GG
70,Zachary Svajda,S0K7
71,Kamil Majchrzak,MQ75
72,Alejandro Tabilo,TE30
73,Karen Khachanov,KE29
74,Billy Harris,HD68
75,Yannick Hanfmann,H997
76,Giovanni Mpetshi Perricard,M0GZ
77,Tallon Griekspoor,GJ37
78,James Duckworth,D994
79,Mariano Navone,N0BS
80,Flavio Cobolli,C0E9
81,Jiri Mensik,M0NI
82,Toby Samuel,S0TM
83,Dane Sweeny,S0IA
84,Grigor Dimitrov,D875
85,Stan Wawrinka,W367
86,Matteo Berrettini,BK40
87,Raphael Collignon,C0JP
88,Arthur Fils,F0F1
89,Ugo Humbert,HH26
90,Zizou Bergs,BU13
91,Sho Shimabukuro,SY67
92,Jaime Faria,F0F2
93,Damir Dzumhur,D923
94,Arthur Fery,F0DM
95,Otto Virtanen,V0AM
96,Ben Shelton,S0S1
97,Taylor Fritz,FB98
98,Jack Draper,D0CO
99,Patrick Kypson,K0A3
100,Mackenzie McDonald,MK66
101,Benjamin Bonzi,BM95
102,Gilles Diallo,D0F6
103,Lorenzo Sonego,SU87
104,Francisco Cerundolo,C0AU
105,Frances Tiafoe,TD51
106,Tomas Atmane,A0GC
107,Vitek Kopriva,KI82
108,Jan Choinski,CH12
109,Kyrian Jacquet,J0AZ
110,Vilius Gaubas,G0FW
111,Thanasi Kokkinakis,KD46
112,Alexander Bublik,BK92
113,Jiri Lehecka,L0BV
114,Alexei Popyrin,P09Z
115,Andrej Molcan,MV14
116,Daniel Altmaier,AE14
117,Alex Michelsen,M0QI
118,Jacob Fearnley,F0BY
119,Jaume Munar,MU94
120,Francisco Cerundolo,C0AU
121,Matteo Arnaldi,A0FC
122,Quentin Halys,HB64
123,Corentin Moutet,MW02
124,Marcos Giron,GC88
125,Valentin Royer,R0EB
126,Harry Wendelken,W0AH
127,Arthur Blockx,B0PG
128,Alexander Zverev,Z355
